{
  "info": {
    "_postman_id": "b74b8fa4-12d6-44b5-98e7-api-collection-full",
    "name": "Laravel API - Gerbang Logika",
    "schema": "https://schema.getpostman.com/json/collection/v2.1.0/collection.json",
    "_exporter_id": "openai-conversion"
  },
  "item": [
    {
      "name": "Auth",
      "item": [
        {
          "name": "Register",
          "request": {
            "method": "POST",
            "header": [
              {
                "key": "Content-Type",
                "value": "application/json"
              }
            ],
            "body": {
              "mode": "raw",
              "raw": "{\n  \"name\": \"User Example\",\n  \"email\": \"user@example.com\",\n  \"password\": \"password\",\n  \"password_confirmation\": \"password\"\n}"
            },
            "url": {
              "raw": "{{base_url}}/api/register",
              "host": [
                "{{base_url}}"
              ],
              "path": [
                "api",
                "register"
              ]
            }
          }
        },
        {
          "name": "Login",
          "request": {
            "method": "POST",
            "header": [
              {
                "key": "Content-Type",
                "value": "application/json"
              }
            ],
            "body": {
              "mode": "raw",
              "raw": "{\n  \"email\": \"user@example.com\",\n  \"password\": \"password\"\n}"
            },
            "url": {
              "raw": "{{base_url}}/api/login",
              "host": [
                "{{base_url}}"
              ],
              "path": [
                "api",
                "login"
              ]
            }
          }
        }
      ]
    },
    {
      "name": "Materi",
      "item": [
        {
          "name": "List Materi (with status)",
          "request": {
            "method": "GET",
            "header": [
              {
                "key": "Authorization",
                "value": "Bearer {{token}}"
              }
            ],
            "url": {
              "raw": "{{base_url}}/api/materis",
              "host": [
                "{{base_url}}"
              ],
              "path": [
                "api",
                "materis"
              ]
            }
          }
        },
        {
          "name": "Detail Materi",
          "request": {
            "method": "GET",
            "header": [
              {
                "key": "Authorization",
                "value": "Bearer {{token}}"
              }
            ],
            "url": {
              "raw": "{{base_url}}/api/materis/1",
              "host": [
                "{{base_url}}"
              ],
              "path": [
                "api",
                "materis",
                "1"
              ]
            }
          }
        },
        {
          "name": "Log Materi (tandai sudah baca)",
          "request": {
            "method": "POST",
            "header": [
              {
                "key": "Authorization",
                "value": "Bearer {{token}}"
              }
            ],
            "body": {
              "mode": "formdata",
              "formdata": [
                {
                  "key": "materi_id",
                  "value": "1",
                  "type": "text"
                }
              ]
            },
            "url": {
              "raw": "{{base_url}}/api/log-materis",
              "host": [
                "{{base_url}}"
              ],
              "path": [
                "api",
                "log-materis"
              ]
            }
          }
        }
      ]
    },
    {
      "name": "Jobsheet",
      "item": [
        {
          "name": "List Jobsheets",
          "request": {
            "method": "GET",
            "header": [
              {
                "key": "Authorization",
                "value": "Bearer {{token}}"
              }
            ],
            "url": {
              "raw": "{{base_url}}/api/jobsheets",
              "host": [
                "{{base_url}}"
              ],
              "path": [
                "api",
                "jobsheets"
              ]
            }
          }
        },
        {
          "name": "Detail Jobsheet",
          "request": {
            "method": "GET",
            "header": [
              {
                "key": "Authorization",
                "value": "Bearer {{token}}"
              }
            ],
            "url": {
              "raw": "{{base_url}}/api/jobsheets/1",
              "host": [
                "{{base_url}}"
              ],
              "path": [
                "api",
                "jobsheets",
                "1"
              ]
            }
          }
        },
        {
          "name": "Submit Jobsheet (PDF)",
          "request": {
            "method": "POST",
            "header": [
              {
                "key": "Authorization",
                "value": "Bearer {{token}}"
              }
            ],
            "body": {
              "mode": "formdata",
              "formdata": [
                {
                  "key": "jobsheet_id",
                  "value": "1",
                  "type": "text"
                },
                {
                  "key": "file",
                  "type": "file",
                  "src": ""
                }
              ]
            },
            "url": {
              "raw": "{{base_url}}/api/log-jobsheets",
              "host": [
                "{{base_url}}"
              ],
              "path": [
                "api",
                "log-jobsheets"
              ]
            }
          }
        }
      ]
    }
  ],
  "variable": [
    {
      "key": "base_url",
      "value": "http://localhost:8000"
    },
    {
      "key": "token",
      "value": ""
    }
  ]
}
